employee_id_hash,name
a569398d13eb87b14276380d2921ddbc,Aditya Gunawan
20546457187cf3d52ea86538403e47cc,Aditya Gunawan
2afe4567e1bf64d32a5527244d104cea,Aditya Irawan
e36286b94d3c219f414e0427e5f73aa5,Aditya Pratama
80f2f15983422987ea30d77bb531be86,Aditya Wijaya
92dfa194391a59dc65b88b704599dbd6,Agus Nasution
9649dec6196d730c5e024f204477d8d1,Agus Nugraha
2dea61eed4bceec564a00115c4d21334,Agus Santoso
cf8d8c66b1212720e569b0bd67695451,Agus Santoso
dabd8d2ce74e782c65a973ef76fd540b,Agus Saputra
c0f168ce8900fa56e57789e2a2f2c9d0,Agus Susanto
48fbab00052197bc8bd943498b89dd71,Agus Yulianto
06997f04a7db92466a2baa6ebc8b872d,Agus Yulianto
876e8108f87eb61877c6263228b67256,Andi Firmansyah
26408ffa703a72e8ac0117e74ad46f33,Andi Kusuma
f3f27a324736617f20abbf2ffd806f6d,Andi Nasution
8d317bdcf4aafcfc22149d77babee96d,Andi Permana
3871bd64012152bfb53fdf04b401193f,Andi Rachman
14678db82874f1456031fcc05a3afaf6,Andi Setiawan
7d571e5c15bad5ef8c4352ce7a1d9e78,Andi Susanto
cffb6e2288a630c2a787a64ccc67097c,Andi Susanto
ab9ebd57177b5106ad7879f0896685d4,Bayu Budiman
8065d07da4a77621450aa84fee5656d9,Bayu Firmansyah
a577dad7e00eaad256c112c836f55b11,Bayu Permana
b2f627fff19fda463cb386442eac2b3d,Bayu Prasetyo
27b587bbe83aecf9a98c8fe6ab48cacc,Bayu Rachman
6e616e79d491ba42638558caf0364003,Bayu Sanjaya
acaa23f71f963e96c8847585e71352d6,Bayu Susanto
2d6cc4b2d139a53512fb8cbb3086ae2e,Bella Cahyono
3b5dca501ee1e6d8cd7b905f4e1bf723,Bella Darmawan
f9be311e65d81a9ad8150a60844bb94c,Bella Firmansyah
3b3dbaf68507998acd6a5a5254ab2d76,Bella Hakim
522e1ea43810e90242942ccc0995dae1,Bella Harahap
c3992e9a68c5ae12bd18488bc579b30d,Bella Kurniawan
37693cfc748049e45d87b8c7d8b9aacd,Bella Kusumah
adf8d7f8c53c8688e63a02bfb3055497,Bella Prasetyo
20885c72ca35d75619d6a378edea9f76,Bella Purnomo
59b90e1005a220e2ebc542eb9d950b1e,Bella Sinaga
3a066bda8c96b9478bb0512f0a43028c,Bella Siregar
15de21c670ae7c3f6f3f1f37029303c9,Bella Utomo
3a835d3215755c435ef4fe9965a3f2a0,Bella Wahyudi
54e8912427a8d007ece906c577fdca60,Bella Wahyudi
29e1c59be16c852670e3be302e8c303b,Budi Budiman
8a4488c177d9dc8c3da7c745c89ca214,Budi Hartono
6c468ec5a41d65815de23ec1d08d7951,Budi Mahendra
ba2030d9a88b7db99edb3da67200167c,Budi Maulana
c2626d850c80ea07e7511bbae4c76f4b,Budi Permana
c56a022b15250525f8b9bdfc41a13152,Budi Prabowo
5e8a5161de49c943dd66591511207f50,Budi Rachman
b337e84de8752b27eda3a12363109e80,Budi Wibowo
8153349b1eb6f6c01622d4f395993bfe,Budi Wicaksono
9b8f0779badbad3b46d6718ee95a68ff,Cahya Budiman
c361bc7b2c033a83d663b8d9fb4be56e,Cahya Darmawan
85422afb467e9456013a2a51d4dff702,Cahya Firmansyah
39539f630a3b94d3ed61ea9d04c9bb05,Cahya Gunawan
311abb492a69fe7da41be858fdd2aae8,Cahya Permana
11b921ef080f7736089c757404650e40,Cahya Saputra
248e844336797ec98478f85e7626de4a,Cahya Simbolon
f095cedd23b99f1696fc8caecbcf257e,Cahya Situmorang
de3f712d1a02c5fb481a7a99b0da7fa3,Cahya Situmorang
2ba3c4b9390cc43edb94e42144729d33,Cahya Sugiarto
74791edf1f8e8b8289a5067737630874,Cahya Tampubolon
55a0ce8200cf39c3028ebc66f356bf7e,Candra Irawan
6074c6aa3488f3c2dddff2a7ca821aab,Candra Nugroho
cbc462e27100dad71cdbf606d396ddad,Candra Santoso
50d2d2262762648589b1943078712aa6,Candra Sasmita
82f2b308c3b01637c607ce05f52a2fed,Candra Sasmita
c36b1132ac829ece87dda55d77ac06a4,Candra Wicaksono
1340ccf24722f02bbc81b3822ce23d4c,Candra Wicaksono
517f24c02e620d5a4dac1db388664a63,Citra Irawan
4764f37856fc727f70b666b8d0c4ab7a,Citra Iskandar
d2dc6368837861b42020ee72b0896182,Citra Kusumah
7967cc8e3ab559e68cc944c44b1cf3e8,Citra Nugroho
eaae5e04a259d09af85c108fe4d7dd0c,Citra Setiawan
a34bacf839b923770b2c360eefa26748,Citra Wibowo
4a1c2f4dcf2bf76b6b278ae40875d536,Dewi Firmansyah
53fde96fcc4b4ce72d7739202324cd49,Dewi Harahap
761e6675f9e54673cc778e7fdb2823d2,Dewi Kusumah
f3c89b7be367aa4246f90aa007efe525,Dewi Permana
05d0abb9a864ae4981e933685b8b915c,Dewi Prasetyo
93fb9d4b16aa750c7475b6d601c35c2c,Dewi Saputra
0342c9a7b54450830e9727b98f8e3cb7,Dewi Sasmita
443cb001c138b2561a0d90720d6ce111,Dian Cahyono
42e77b63637ab381e8be5f8318cc28a2,Dian Gunawan
197838c579c3b78927e0cd15ba4c9689,Dian Harahap
24f2f931f12a4d9149876a5bef93e96a,Dian Iskandar
2edfeadfe636973b42d7b6ac315b896c,Dian Prasetyo
83fa5a432ae55c253d0e60dbfa716723,Dian Purnomo
81dc9bdb52d04dc20036dbd8313ed055,Dian Sasmita
2b8a61594b1f4c4db0902a8a395ced93,Dian Utomo
fa7518562603d5c4a7ad69e2e5726f5f,Dimas Cahyono
c457d7ae48d08a6b84bc0b1b9bd7d474,Dimas Firmansyah
cc384c68ad503482fb24e6d1e3b512ae,Dimas Gunawan
fc452d063a72e0824cacf90a32c3e358,Dimas Irawan
ff7a2112f8c3e3224ce8e3e26de1d932,Dimas Prabowo
42c8938e4cf5777700700e642dc2a8cd,Dimas Ramadhan
a50abba8132a77191791390c3eb19fe7,Dimas Sanjaya
5e9fb672ee46be628a141b594d7c6f3e,Dimas Santoso
ac52c626afc10d4075708ac4c778ddfc,Dimas Setiawan
912d2b1c7b2826caf99687388d2e8f7c,Dimas Susanto
8dcf2420e78a64333a59674678fb283b,Dimas Wahyudi
fe51510c80bfd6e5d78a164cd5b1f688,Eko Budiman
fa14d4fe2f19414de3ebd9f63d5c0169,Eko Harahap
a081c174f5913958ba8c6443bacffcb9,Eko Iskandar
4424d2deec2f9468fb61e2db07ecd6b6,Eko Prabowo
6a10bbd480e4c5573d8f3af73ae0454b,Eko Prasetyo
08aac6ac98e59e523995c161e57875f5,Eko Simbolon
a957aa96221d0b7cb99ab072eaed7bf9,Eko Tampubolon
d25a34b9c2a87db380ecd7f7115882ec,Elsa Budiman
2ed80f6311c1825feb854d78fa969d34,Elsa Gunawan
91e82999cf7e45da1070ebd673690716,Elsa Hakim
9d949c3d8baa0f9df6f22c4661946a61,Elsa Hartono
5cf68969fb67aa6082363a6d4e6468e2,Elsa Hidayat
c5ab6cebaca97f7171139e4d414ff5a6,Elsa Kurniawan
882735cbdfd9f810814d17892ae50023,Elsa Kurniawan
c900ced7451da79502d29aa37ebb7b60,Elsa Mahendra
18997733ec258a9fcaf239cc55d53363,Elsa Nugroho
b85d65c39e12a5515c19fd72b6f48199,Elsa Sasmita
a3048e47310d6efaa4b1eaf55227bc92,Elsa Simbolon
3b5e2c9be5002e87e0477099db5ff21b,Elsa Suharto
97f081d3b1b352e9d1aaa2225dd6bb16,Elsa Susanto
11bcd3c1d43688891ed23f5677a174ea,Elsa Wahyudi
d064bf1ad039ff366564f352226e7640,Erna Adiputra
94b087da83ceb5fe6f1a13150f8c0471,Erna Budiman
5751ec3e9a4feab575962e78e006250d,Erna Gunawan
0ff8033cf9437c213ee13937b1c4c455,Erna Irawan
d4ec33c0c23ae3c91764fcc625108a5a,Erna Lubis
f998fe2862e4dbab7e4d18de41d02d3b,Erna Mahendra
f5e536083a438cec5b64a4954abc17f1,Erna Nasution
35a0f1963430da063133ba27d695f851,Erna Pratama
27e9661e033a73a6ad8cefcde965c54d,Erna Purnomo
4e246a381baf2ce038b3b0f82c7d6fb4,Erna Siregar
c255c05246a081654a0267cbb725f5a7,Erna Situmorang
71463aaacf046fa24e7dfa4558607545,Faisal Cahyono
a760880003e7ddedfef56acb3b09697f,Faisal Hakim
f5e62af885293cf4d511ceef31e61c80,Faisal Hartono
6364d3f0f495b6ab9dcf8d3b5c6e0b01,Faisal Hartono
92977ae4d2ba21425a59afb269c2a14e,Faisal Hidayat
81448138f5f163ccdba4acc69819f280,Faisal Kusuma
582967e09f1b30ca2539968da0a174fa,Faisal Nugraha
da647c549dde572c2c5edc4f5bef039c,Faisal Nugraha
8db1d4a631a6e9a24e2c0e842e1f1772,Faisal Sutanto
3a09a524440d44d7f19870070a5ad42f,Faisal Wibowo
5eac43aceba42c8757b54003a58277b5,Faisal Yulianto
e6385d39ec9394f2f3a354d9d2b88eec,Fajar Nugraha
6e8404c3b93a9527c8db241a1846599a,Fajar Nugroho
9b89bedda1fc8a2d88c448e361194f02,Fajar Nugroho
28ce9bc954876829eeb56ff46da8e1ab,Fajar Prabowo
c2368d3d45705a56e51ec5940e187f8d,Fajar Pratama
076a0c97d09cf1a0ec3e19c7f2529f2b,Fajar Saputra
d7e77c835af3d2a803c1cf28d60575bc,Fajar Suryanto
6c8dba7d0df1c4a79dd07646be9a26c8,Fajar Wahyudi
8767bccb1ff4231a9962e3914f4f1f8f,Fajar Wahyudi
e702e51da2c0f5be4dd354bb3e295d37,Fitri Gunawan
d58f855fdcc76daf232aee454c4e59f7,Fitri Hermawan
ee188463935a061dee6df8bf449cb882,Fitri Utomo
cc58f7abf0b0cf2d5ac95ab60e4f14e9,Fitri Wahyudi
26588e932c7ccfa1df309280702fe1b5,Fitri Yulianto
2291d2ec3b3048d1a6f86c2c4591b7e0,Gilang Budiman
81e3225c6ad49623167a4309eb4b2e75,Gilang Hakim
8e2cfdc275761edc592f73a076197c33,Gilang Iskandar
f92586a25bb3145facd64ab20fd554ff,Gilang Kurniawan
ce78d1da254c0843eb23951ae077ff5f,Gilang Lubis
559cb990c9dffd8675f6bc2186971dc2,Gilang Nasution
f19ec2b84181033bf4753a5a51d5d608,Gilang Nugraha
fdaa09fc5ed18d3226b3a1a00f1bc48c,Gilang Siregar
faa9afea49ef2ff029a833cccc778fd0,Gilang Situmorang
051e4e127b92f5d98d3c79b195f2b291,Gilang Suryanto
eed5af6add95a9a6f1252739b1ad8c24,Gilang Susanto
415185ea244ea2b2bedeb0449b926802,Gilang Sutanto
1517c8664be296f0d87d9e5fc54fdd60,Gilang Wijaya
fccb60fb512d13df5083790d64c4d5dd,Gina Budiman
1f72e258ff730035f2a1fb6637f562c2,Gita Hermawan
aa0d2a804a3510442f2fd40f2100b054,Gita Lubis
996a7fa078cc36c46d02f9af3bef918b,Gita Nugraha
2a50e9c2d6b89b95bcb416d6857f8b45,Gita Nugroho
249338e601902b14d0f529fe5e6ae417,Gita Rachman
9d068c869fd3e03fc606ec297fcd00be,Gita Suryanto
d10ddbe86fe1df4e50c91d66087cbc6a,Gita Susanto
4ae1e2b07ecf6c799b91ed45e95278b8,Gita Wahyudi
d86ea612dec96096c5e0fcc8dd42ab6d,Gita Wijaya
176bf6219855a6eb1f3a30903e34b6fb,Hadi Hakim
4f5a9bf135f285358a4a74b08f8121f8,Hadi Iskandar
8df707a948fac1b4a0f97aa554886ec8,Hadi Maulana
caa89215e67b35d504b99a0b22f1c56d,Hadi Pratama
9cf742e94f29f454ac42ff68f37d5cc4,Hadi Santoso
68264bdb65b97eeae6788aa3348e553c,Hadi Santoso
67c6a1e7ce56d3d6fa748ab6d9af3fd7,Hadi Setiawan
dfa037a53e121ecc9e0926800c3e814e,Hadi Utomo
00c17237d011cca999f55a43db2ce040,Hadi Wahyudi
fb89705ae6d743bf1e848c206e16a1d7,Haris Adiputra
d38901788c533e8286cb6400b40b386d,Haris Hakim
8cbe9ce23f42628c98f80fa0fac8b19a,Haris Hartono
7810ccd41bf26faaa2c4e1f20db70a71,Haris Irawan
576d026223582a390cd323bef4bad026,Haris Maulana
ca172e964907a97d5ebd876bfdd4adbd,Haris Maulana
7bcdf75ad237b8e02e301f4091fb6bc8,Haris Nugroho
13e36f06c66134ad65f532e90d898545,Haris Suryanto
02a3c7fb3f489288ae6942498498db20,Hendra Cahyono
e84401ad27c4cfb9815776eb9432ff17,Hendra Hidayat
a18630ab1c3b9f14454cf70dc7114834,Hendra Kurniawan
94130ea17023c4837f0dcdda95034b65,Hendra Maulana
55a0df4b5a1786cd13a7a8de759859d4,Hendra Ramadhan
6eb6e75fddec0218351dc5c0c8464104,Hendra Saputra
54ebdfbbfe6c31c39aaba9a1ee83860a,Hendra Siregar
d0f5722f11a0cc839fa2ca6ea49d8585,Hendra Susanto
3493894fa4ea036cfc6433c3e2ee63b0,Hendra Utomo
e531e258fe3098c3bdd707c30a687d73,Ika Gunawan
6c7cd904122e623ce625613d6af337c4,Ika Hakim
2548a4ac7ad6eddd035bced24ec6d964,Ika Hermawan
db8419f41d890df802dca330e6284952,Ika Hermawan
dc960c46c38bd16e953d97cdeefdbc68,Ika Kurniawan
65cc2c8205a05d7379fa3a6386f710e1,Ika Lubis
551cb238f4895024b98d1943b708de7c,Ika Prabowo
205c3608ecb984c1f5f5d2f52c934428,Ika Sanjaya
a5cdd4aa0048b187f7182f1b9ce7a6a7,Ika Sinaga
606c90a06173d69682feb83037a68fec,Ika Wahyudi
132d6c1408f2492456848667346b54b6,Ika Wicaksono
298f587406c914fad5373bb689300433,Ika Wijaya
4558dbb6f6f8bb2e16d03b85bde76e2c,Indra Hakim
4311359ed4969e8401880e3c1836fbe1,Indra Hakim
0ce2ffd21fc958d9ef0ee9ba5336e357,Indra Iskandar
4ff3e350028d0cfcb92c3a87a57585b1,Indra Nugraha
7ec69dd44416c46745f6edd947b470cd,Indra Nugroho
86ba98bcbd3466d253841907ba1fc725,Indra Nugroho
ac27b77292582bc293a51055bfc994ee,Indra Sanjaya
254ed7d2de3b23ab10936522dd547b78,Indra Sanjaya
08c5433a60135c32e34f46a71175850c,Indra Saputra
540393ae7f8b7a7fd6cdf47250b05679,Indra Saputra
43feaeeecd7b2fe2ae2e26d917b6477d,Indra Siregar
6e923226e43cd6fac7cfe1e13ad000ac,Indra Tampubolon
5317b6799188715d5e00a638a4278901,Intan Cahyono
bb7946e7d85c81a9e69fee1cea4a087c,Intan Darmawan
7c05147f3029c97ce26c0cb0b2469fca,Intan Hermawan
838e8afb1ca34354ac209f53d90c3a43,Intan Irawan
f0bf4a2da952528910047c31b6c2e951,Intan Iskandar
76cf99d3614e23eabab16fb27e944bf9,Intan Maulana
883e881bb4d22a7add958f2d6b052c9f,Intan Nasution
1d2a48c55f6f10010887cc7d849469a1,Intan Permana
3dde889723e33ace6af907cd5cc8e187,Intan Utomo
4b26dc4663ccf960c8538d595d0a1d3a,Jaya Cahyono
72bcba983cd3b0bf1d4251311d8b3772,Jaya Firmansyah
f81dee42585b3814de199b2e88757f5c,Jaya Firmansyah
a376802c0811f1b9088828288eb0d3f0,Jaya Hartono
5e9f92a01c986bafcabbafd145520b13,Jaya Kurniawan
24e01830d213d75deb99c22b9cd91ddd,Jaya Kurniawan
ec16c57ed363c5ca91a3e5e5b88fe502,Jaya Kusuma
9a32ff36c65e8ba30915a21b7bd76506,Jaya Mahendra
3366297a637d4a3a358dfc6faad2fcf5,Jaya Mahendra
7a9a322cbe0d06a98667fdc5160dc6f8,Jaya Nugroho
e00406144c1e7e35240afed70f34166a,Jaya Pratama
95c9d994f8d75d4d60f8bb8f25902339,Jaya Sasmita
66fae5b05c0f64c4d2bdcdf1ad85f7b2,Jaya Wicaksono
549406198764950208345d143aa67c7d,Johan Budiman
89fcd07f20b6785b92134bd6c1d0fa42,Johan Budiman
1bb91f73e9d31ea2830a5e73ce3ed328,Johan Budiman
e92e1b476bb5262d793fd40931e0ed53,Johan Cahyono
16738419b15b05e74e1ecb164430bfa8,Johan Harahap
4122cb13c7a474c1976c9706ae36521d,Johan Harahap
4e732ced3463d06de0ca9a15b6153677,Johan Hidayat
9426c311e76888b3b2368150cd05f362,Johan Iskandar
a9a1d5317a33ae8cef33961c34144f84,Johan Kusuma
fb2fcd534b0ff3bbed73cc51df620323,Johan Prabowo
d93591bdf7860e1e4ee2fca799911215,Johan Prasetyo
23e846638607adcbc730817a77581220,Johan Sinaga
c460dc0f18fc309ac07306a4a55d2fd6,Johan Suryanto
9a02387b02ce7de2dac4b925892f68fb,Johan Sutanto
5fc7c9bd1fcb12799f02da8adfa4954f,Johan Wicaksono
c850371fda6892fbfd1c5a5b457e5777,Johan Wijaya
6616758da438b02b8d360ad83a5b3d77,Joko Cahyono
58f1e2bfc0c0c182f1afdab7cae02402,Joko Hartono
50c3d7614917b24303ee6a220679dab3,Joko Irawan
6fe43269967adbb64ec6149852b5cc3e,Joko Kurniawan
b28d7c6b6aec04f5525b453411ff4336,Joko Maulana
4a64d913220fca4c33c140c6952688a8,Joko Rachman
d149231f39b05ae135fa763edb358064,Joko Ramadhan
9c01802ddb981e6bcfbec0f0516b8e35,Joko Sanjaya
788d986905533aba051261497ecffcbb,Joko Saputra
494c08f7a144d3cc4cfa661ed1244039,Joko Simbolon
81e5f81db77c596492e6f1a5a792ed53,Joko Suryanto
1a4ab15f37a1d2341d947a9996ddfbf7,Joko Wahyudi
4079016d940210b4ae9ae7d41c4a2065,Karina Budiman
168908dd3227b8358eababa07fcaf091,Karina Nasution
a4a8a31750a23de2da88ef6a491dfd5c,Karina Santoso
7da18d0326a9f46a4817e19c805819ae,Karina Siregar
f51238cd02c93b89d8fbee5667d077fc,Karina Suryanto
510731ac096ebcb3989fb1ed5b7075bb,Kartika Hidayat
9cc138f8dc04cbf16240daa92d8d50e2,Kartika Kusumah
c4ca4238a0b923820dcc509a6f75849b,Kartika Lubis
65658fde58ab3c2b6e5132a39fae7cb9,Kartika Simbolon
021bbc7ee20b71134d53e20206bd6feb,Kartika Suryanto
9529fbba677729d3206b3b9073d1e9ca,Kiki Gunawan
34adeb8e3242824038aa65460a47c29e,Kiki Iskandar
8e296a067a37563370ded05f5a3bf3ec,Kiki Kusumah
872488f88d1b2db54d55bc8bba2fad1b,Kiki Nugraha
2458ab18be2a140a1cfb932dd96f25d6,Kiki Nugroho
1597d21403f63da1bb0539592597a525,Kiki Ramadhan
43d762ca733a839226415450b0dbf9d2,Kiki Sanjaya
06f7c042b76e4b04f698c75b7b2777ea,Kiki Sinaga
487129304eca93e3646dd0c7dd441bf5,Kiki Wibowo
cba0a4ee5ccd02fda0fe3f9a3e7b89fe,Kiki Yulianto
6f2268bd1d3d3ebaabb04d6b5d099425,Lestari Kurniawan
47698c15fb83a1e5bb1400accbb17f82,Lestari Nasution
aba3b6fd5d186d28e06ff97135cade7f,Lestari Rachman
d707329bece455a462b58ce00d1194c9,Lestari Rachman
3e89ebdb49f712c7d90d1b39e348bbbf,Lestari Ramadhan
33ceb07bf4eeb3da587e268d663aba1a,Lestari Sasmita
2b6d65b9a9445c4271ab9076ead5605a,Lestari Simbolon
85f3375756047fba207ce9b85780313b,Lestari Utomo
c8ed21db4f678f3b13b9d5ee16489088,Lestari Wicaksono
8757150decbd89b0f5442ca3db4d0e0e,Lina Firmansyah
68a83eeb494a308fe5295da69428a507,Lina Gunawan
d62bcf67cf8ef4536d0ff0204922214b,Lina Kusuma
812214fb8e7066bfa6e32c626c2c688b,Lina Nasution
4fc848051e4459b8a6afeb210c3664ec,Lina Nugroho
f2925f97bc13ad2852a7a551802feea0,Lina Prabowo
f35fd567065af297ae65b621e0a21ae9,Lina Sanjaya
f23d125da1e29e34c552f448610ff25f,Lina Sasmita
1f2b325dcdaf12a68ed498273206d263,Lina Situmorang
943b5fd1ef60d3a4db537af4a4d0c802,Lina Utomo
7612936dcc85282c6fa4dd9d4ffe57f1,Lina Wicaksono
d403137434343677b98efc88cbd5493d,Lukman Hakim
5ea1649a31336092c05438df996a3e59,Lukman Kusuma
b2eeb7362ef83deff5c7813a67e14f0a,Lukman Prabowo
dfd7468ac613286cdbb40872c8ef3b06,Lukman Purnomo
ec36e2ba64f11c9e910e0353e0836d81,Lukman Sinaga
9cd78264cf2cd821ba651485c111a29a,Lukman Siregar
1be3bc32e6564055d5ca3e5a354acbef,Lukman Situmorang
cc1aa436277138f61cda703991069eaf,Lukman Sugiarto
7e3315fe390974fcf25e44a9445bd821,Lukman Suryanto
a4d2f0d23dcc84ce983ff9157f8b7f88,Lukman Wahyudi
4d95d05a4fc4eadbc3b9dde67afdca39,Lukman Wicaksono
56db57b4db0a6fcb7f9e0c0b504f6472,Made Permana
4c22bd444899d3b6047a10b20a2f26db,Made Pratama
df877f3865752637daa540ea9cbc474f,Made Sanjaya
64d52e08cc03e6090bc1ef30b73ccb85,Made Suharto
6236c78e73f52110ae39e588ba88de0b,Made Suryanto
e593c562359c3c2e42a22b808d3383e7,Made Sutanto
5e1b18c4c6a6d31695acbae3fd70ecc6,Made Utomo
580f9aa264f1108da3db844806f3952e,Made Wahyudi
6dff2291fe2e822de2e8068a182c4759,Maya Budiman
a714ec6796f638ba4d5792f78dccd134,Maya Hakim
5e388103a391daabe3de1d76a6739ccd,Maya Hakim
287e041302f34b11ddfb57afc8048cd8,Maya Hartono
f387624df552cea2f369918c5e1e12bc,Maya Kurniawan
b7bb35b9c6ca2aee2df08cf09d7016c2,Maya Lubis
0ff39bbbf981ac0151d340c9aa40e63e,Maya Mahendra
3e195b0793297114c668f772c6e2d9ba,Maya Sanjaya
db095bd14b838cbf3abf886f492c721b,Maya Sasmita
2f885d0fbe2e131bfc9d98363e55d1d4,Maya Setiawan
c09f9caf5e08836d4673ccdd69bb041e,Maya Setiawan
67d96d458abdef21792e6d8e590244e7,Maya Suharto
9fe77ac7060e716f2d42631d156825c0,Maya Suharto
f8f122d50eba11c3af5607575b277bc6,Maya Wahyudi
a58337d1b8c98bf3225186673be3407b,Maya Wijaya
43e04dd08bb1305428b0c9c8d8a2660a,Mega Adiputra
cdc0d6e63aa8e41c89689f54970bb35f,Mega Hartono
28e209b61a52482a0ae1cb9f5959c792,Mega Hartono
98ed99f6e48755fa5aeafc04675a7e67,Mega Iskandar
4ff6fa96179cdc2838e8d8ce64cd10a7,Mega Kurniawan
af4f00ca48321fb026865c5a1772dafd,Mega Kusuma
764a9f2462bf088af07b6ae6c107e62c,Mega Maulana
a0dc078ca0d99b5ebb465a9f1cad54ba,Mega Nasution
d582ac40970f9885836a61d7b2c662e4,Mega Nugroho
d63c4a5e9b600279c3da776f6113a400,Mega Permana
151de84cca69258b17375e2f44239191,Mega Prasetyo
df42e2244c97a0d80d565ae8176d3351,Mega Purnomo
dd32544610bf007f0def4abc9b7ff9ef,Mega Rachman
70fc5f043205720a49d973d280eb83e7,Mega Suharto
e1d5be1c7f2f456670de3d53c7b54f4a,Mega Susanto
e1228be46de6a0234ac22ded31417bc7,Mega Wahyudi
17326d10d511828f6b34fa6d751739e2,Mega Wibowo
34ad9bc83e3c72c62281cb2c744ac966,Mega Yulianto
bf62768ca46b6c3b5bea9515d1a1fc45,Nanda Firmansyah
2de5d16682c3c35007e4e92982f1a2ba,Nanda Kurniawan
ca8155f4d27f205953f9d3d7974bdd70,Nanda Kusumah
1f8fe28e9283d7b5300af087a298f200,Nanda Mahendra
30d4e6422cd65c7913bc9ce62e078b79,Nanda Prabowo
08419be897405321542838d77f855226,Nanda Purnomo
b137fdd1f79d56c7edf3365fea7520f2,Nita Gunawan
240ac9371ec2671ae99847c3ae2e6384,Nita Gunawan
53edebc543333dfbf7c5933af792c9c4,Nita Hakim
37db6bb5f1db992df92a919d20757eec,Nita Maulana
82c2559140b95ccda9c6ca4a8b981f1e,Nita Prabowo
394868456436dbe743e4380554c0493a,Nita Prasetyo
144a3f71a03ab7c4f46f9656608efdb2,Nita Santoso
03b2ceb73723f8b53cd533e4fba898ee,Nita Sinaga
7553e94d39fd4649ff75386a83ed3789,Novi Adiputra
6a61d423d02a1c56250dc23ae7ff12f3,Novi Firmansyah
ef4e3b775c934dada217712d76f3d51f,Novi Gunawan
d811406316b669ad3d370d78b51b1d2e,Novi Harahap
2a845d4d23b883acb632fefd814e175f,Novi Hermawan
9b72e31dac81715466cd580a448cf823,Novi Hermawan
c203d8a151612acf12457e4d67635a95,Novi Irawan
a89b71bb5227c75d463dd82a03115738,Novi Nasution
ab8df9f7733db5611fd53748f1db282e,Novi Nugraha
86edc93505434db5aa0e091e50e678b7,Novi Permana
217eedd1ba8c592db97d0dbe54c7adfc,Novi Prasetyo
17fafe5f6ce2f1904eb09d2e80a4cbf6,Novi Pratama
9b91d245c953f54a7f10aba72a4d0022,Novi Pratama
b056eb1587586b71e2da9acfe4fbd19e,Novi Ramadhan
a821a161aa4214f5ff5b8ca372960ebb,Novi Ramadhan
1c1d4df596d01da60385f0bb17a4a9e0,Novi Suharto
e951ccd95572a67138f4572c1c7d7ee8,Novi Suryanto
1c65cef3dfd1e00c0b03923a1c591db4,Novi Utomo
59b1deff341edb0b76ace57820cef237,Novi Utomo
0d2b2061826a5df3221116a5085a6052,Novi Wijaya
e7f8a7fb0b77bcb3b283af5be021448f,Novi Yulianto
d6525aa8638c1d8d4da535fbb1a5fc80,Oki Hakim
b67fb3360ae5597d85a005153451dd4e,Oki Hartono
0f96613235062963ccde717b18f97592,Oki Nugraha
4e0928de075538c593fbdabb0c5ef2c3,Oki Rachman
f91e24dfe80012e2a7984afa4480a6d6,Olivia Darmawan
bd4d08cd70f4be1982372107b3b448ef,Olivia Darmawan
df263d996281d984952c07998dc54358,Olivia Kusuma
922073b18844540f8fe447c3e93a25b7,Olivia Kusuma
4fbe073f17f161810fdf3dab1307b30f,Olivia Kusumah
618b0fffdfdb50766e4d51574bc4e533,Olivia Nugraha
e94550c93cd70fe748e6982b3439ad3b,Olivia Prabowo
d7b431b1a0cc5f032399870ff4710743,Olivia Wibowo
a64c94baaf368e1840a1324e839230de,Omar Gunawan
674f3c2c1a8a6f90461e8a66fb5550ba,Omar Hidayat
a8ed71126b12732b838cee58de4efe3f,Omar Iskandar
b56b7c12f20e05664ec7674d075c5fc0,Omar Santoso
9b523b0c92185f39a0da77a82c51b46a,Omar Suharto
12b668a1ada1828ba795332f419d4ef7,Pramono Harahap
f0837f171aae7ccf1a8909b6a0cc3559,Pramono Lubis
cacbf64b8a464fa1974da1eb0aa92851,Pramono Nasution
5e0f17d9e09d1881692cf84a3b869f75,Pramono Purnomo
c70daf247944fe3add32218f914c75a6,Putra Hermawan
87ae6fb631f7c8a627e8e28785d9992d,Putra Kurniawan
eeb69a3cb92300456b6a5f4162093851,Putra Nasution
52292e0c763fd027c6eba6b8f494d2eb,Putra Permana
afa299a4d1d8c52e75dd8a24c3ce534f,Putra Prabowo
a3d68b461bd9d3533ee1dd3ce4628ed4,Putra Prasetyo
3948ead63a9f2944218de038d8934305,Putra Pratama
2912bbeedc16c67bd0529ab7d438c1ac,Putra Sasmita
bdc363788b2b48c031bf406cf15aa252,Putra Wicaksono
7aa685b3b1dc1d6780bf36f7340078c9,Putri Nugraha
9425be43ba92c2b4454ca7bf602efad8,Putri Prasetyo
460b491b917d4185ed1f5be97229721a,Putri Simbolon
8383f931b0cefcc631f070480ef340e1,Putri Siregar
9a3d458322d70046f63dfd8b0153ece4,Putri Sutanto
3fa146219c48a4393aace23e8f353125,Putri Wicaksono
d759175de8ea5b1d9a2660e45554894f,Putri Wijaya
2151b4c76b4dcb048d06a5c32942b6f6,Putri Yulianto
ccc81a97c1535f9a631b9db584a264e4,Qonita Kurniawan
4175f2ebb265d58c6d8877841d016d08,Qonita Prabowo
9b698eb3105bd82528f23d0c92dedfc0,Qonita Ramadhan
a58149d355f02887dfbe55ebb2b64ba3,Qonita Sasmita
ccf8111910291ba472b385e9c5f59099,Qonita Siregar
aac933717a429f57c6ca58f32975c597,Qonita Wahyudi
6602294be910b1e3c4571bd98c4d5484,Qonita Wahyudi
6915849303a3fe93657587cb9c469f00,Qonita Yulianto
9d752cb08ef466fc480fba981cfa44a1,Qori Budiman
4ea06fbc83cdd0a06020c35d50e1e89a,Qori Hartono
0fcbc61acd0479dc77e3cccc0f5ffca7,Qori Hermawan
828c3938b662961ed8f775ed638b97f2,Qori Hermawan
be3b0b544433b768685e3436621590ff,Qori Saputra
b607ba543ad05417b8507ee86c54fcb7,Qori Simbolon
af1b5754061ebbd4412adfb34c8d3534,Qori Situmorang
ea81a3d20bf98ef2c9bef9dc24ec777a,Qori Situmorang
66bf858e119401396053e04633d95637,Qori Suharto
5c3b99e8f92532e5ad1556e53ceea00c,Qori Tampubolon
0efe32849d230d7f53049ddc4a4b0c60,Qori Wijaya
7f24d240521d99071c93af3917215ef7,Reza Lubis
36f4d832825380f102846560a5104c90,Reza Nugroho
e49b8b4053df9505e1f48c3a701c0682,Reza Prabowo
1ce927f875864094e3906a4a0b5ece68,Reza Suryanto
b085c4fa543afe32970749f5e2bcdc6a,Reza Sutanto
aea94dc1e6d1dd330cbc2c4a480934d6,Rina Kurniawan
c0c7c76d30bd3dcaefc96f40275bdc0a,Rina Rachman
1343777b8ead1cef5a79b78a1a48d805,Rina Sasmita
1e747ddbea997a1b933aaf58a7953c3c,Rina Setiawan
3c7781a36bcd6cf08c11a970fbe0e2a6,Rina Sinaga
5f2c22cb4a5380af7ca75622a6426917,Rina Sugiarto
2421fcb1263b9530df88f7f002e78ea5,Rina Suryanto
240c945bb72980130446fc2b40fbb8e0,Rina Utomo
b51a15f382ac914391a58850ab343b00,Rina Wibowo
147702db07145348245dc5a2f2fe5683,Rina Wicaksono
abec16f483abb4f1810ca029aadf8446,Rudi Hakim
94ef7214c4a90790186e255304f8fd1f,Rudi Santoso
99b410aa504a6f67da128d333896ecd4,Rudi Simbolon
d90e5b6628b4291225cba0bdc643c295,Rudi Sutanto
9a3f263a5e5f63006098a05cd7491997,Rudi Tampubolon
da94be6d2b80d736e2d13d1e3c47d035,Sari Firmansyah
d3802b1dc0d80d8a3c8ccc6ccc068e7c,Sari Hartono
898aef0932f6aaecda27aba8e9903991,Sari Kusumah
d880067f879409df09ac50ba315707aa,Sari Prabowo
a753a43564c29148df3150afb4475440,Sari Prasetyo
e13748298cfb23c19fdfd134a2221e7b,Sari Prasetyo
a8abb4bb284b5b27aa7cb790dc20f80b,Sari Santoso
e44fea3bec53bcea3b7513ccef5857ac,Sari Suharto
d9d4f495e875a2e075a1a4a6e1b9770f,Sari Suryanto
daea32adcae6abcb548134fa98f139f9,Sari Susanto
edc27f139c3b4e4bb29d1cdbc45663f9,Sari Sutanto
6cfe0e6127fa25df2a0ef2ae1067d915,Sari Utomo
7fa215c9efebb3811a7ef58409907899,Sari Wicaksono
cee631121c2ec9232f3a2f028ad5c89b,Sinta Darmawan
76383b34503afb0508f8364787c55800,Sinta Gunawan
7e8750d4a701596732953c160d2ae096,Sinta Hartono
30ef30b64204a3088a26bc2e6ecf7602,Sinta Irawan
3341f6f048384ec73a7ba2e77d2db48b,Sinta Kurniawan
7d2a383e54274888b4b73b97e1aaa491,Sinta Prabowo
fea16e782bc1b1240e4b3c797012e289,Sinta Purnomo
290ff0feb094e836744d3e2403d993fd,Sinta Saputra
da21bae82c02d1e2b8168d57cd3fbab7,Sinta Sasmita
3cef96dcc9b8035d23f69e30bb19218a,Sinta Situmorang
cf67355a3333e6e143439161adc2d82e,Sinta Suharto
abd815286ba1007abfbb8415b83ae2cf,Sinta Wijaya
9854d7afce413aa13cd0a1d39d0bcec5,Siska Budiman
15756c350dae3457b2718a29dc0018cb,Siska Irawan
11348e03e23b137d55d94464250a67a2,Siska Maulana
2823f4797102ce1a1aec05359cc16dd9,Siska Sinaga
8c6744c9d42ec2cb9e8885b54ff744d0,Siska Sugiarto
884ce4bb65d328ecb03c598409e2b168,Siska Wibowo
1bf50aaf147b3b0ddd26a820d2ed394d,Siska Wicaksono
97af4fb322bb5c8973ade16764156bed,Siska Wicaksono
6107d91fc9a0b04bc044aa7d8c1443bd,Tari Harahap
86a2f353e1e6692c05fe83d6fc79cf9d,Tari Kurniawan
98b297950041a42470269d56260243a1,Tari Kurniawan
97af07a14cacba681feacf3012730892,Tari Kusuma
766ebcd59621e305170616ba3d3dac32,Tari Kusumah
da0d1111d2dc5d489242e60ebcbaf988,Tari Nasution
0ec04cb3912c4f08874dd03716f80df1,Tari Nugraha
31bd51a7403b980bf1039518120712e0,Tari Nugroho
cbfe5681369338a48e2d1b63998099d6,Tari Rachman
71d7232b9fed020ca23729017873089e,Tari Situmorang
d61e4bbd6393c9111e6526ea173a7c8b,Tari Situmorang
437d7d1d97917cd627a34a6a0fb41136,Tari Suharto
e32c51ad39723ee92b285b362c916ca7,Tari Suharto
821fa74b50ba3f7cba1e6c53e8fa6845,Tari Suharto
1cd73be1e256a7405516501e94e892ac,Tari Wahyudi
f3f1fa1e4348bfbebdeee8c80a04c3b9,Taufik Gunawan
2838023a778dfaecdc212708f721b788,Taufik Harahap
5cbba2d075f0d1648e0851e1467ba79f,Taufik Nugroho
67d16d00201083a2b118dd5128dd6f59,Taufik Rachman
fd9dd764a6f1d73f4340d570804eacc4,Taufik Sinaga
56e6a93212e4482d99c84a639d254b67,Taufik Suryanto
747c1bcceb6109a4ef936bc70cfe67de,Taufik Wibowo
4f8bc5ac1dc2b49434efe9e72f183de8,Taufik Wijaya
860320be12a1c050cd7731794e231bd3,Tono Irawan
1bc2029a8851ad344a8d503930dfd7f7,Tono Nasution
e1054bf2d703bca1e8fe101d3ac5efcd,Tono Nugroho
f968fdc88852a4a3a27a81fe3f57bfc5,Tono Purnomo
9ceee7501ba30946fab8728aec06a9f5,Tono Purnomo
3d779cae2d46cf6a8a99a35ba4167977,Tono Sanjaya
cb5f984421c93f1efb42b53a43f83c3a,Tono Simbolon
a9078e8653368c9c291ae2f8b74012e7,Tono Simbolon
2cbd9c540641923027adb8ab89decc05,Tono Wicaksono
795c7a7a5ec6b460ec00c5841019b9e9,Tono Wicaksono
587524833eaf98eb779a387e33768c6a,Ulfa Budiman
26b58a41da329e0cbde0cbf956640a58,Ulfa Gunawan
2ad9e5e943e43cad612a7996c12a8796,Ulfa Iskandar
f1c1592588411002af340cbaedd6fc33,Ulfa Kusuma
f7177163c833dff4b38fc8d2872f1ec6,Ulfa Kusumah
3a2a9aef4cbed81244820a091667c0bd,Ulfa Nugroho
b495ce63ede0f4efc9eec62cb947c162,Ulfa Prasetyo
679d8bbd776e0bbf3b044306c5be94ae,Ulfa Rachman
f93882cbd8fc7fb794c1011d63be6fb6,Ulfa Santoso
d1f255a373a3cef72e03aa9d980c7eca,Ulfa Simbolon
f2201f5191c4e92cc5af043eebfd0946,Ulfa Susanto
97250eb3250c1fa40a321076d5be217d,Umar Iskandar
8bd2c3f7fd5b165b470beb1cc83071ab,Umar Nugroho
9232fe81225bcaef853ae32870a2b0fe,Umar Permana
5737034557ef5b8c02c0e46513b98f90,Umar Rachman
0dd1bc593a91620daecf7723d2235624,Umar Sanjaya
125b93c9b50703fe9dac43ec231f5f83,Umar Susanto
7ce3284b743aefde80ffd9aec500e085,Umar Sutanto
3ac48664b7886cf4e4ab4aba7e6b6bc9,Umi Cahyono
33e8075e9970de0cfea955afd4644bb2,Umi Harahap
9308b0d6e5898366a4a986bc33f3d3e7,Umi Kusuma
66368270ffd51418ec58bd793f2d9b1b,Umi Mahendra
dfbd282c18300fa0eccceea6c5fac41f,Umi Nugroho
59c33016884a62116be975a9bb8257e3,Umi Sanjaya
532b81fa223a1b1ec74139a5b8151d12,Umi Santoso
3bf55bbad370a8fcad1d09b005e278c2,Umi Saputra
0353ab4cbed5beae847a7ff6e220b5cf,Umi Sinaga
e327b1649d06bf74fceb4fe73f83bdba,Umi Siregar
f2f446980d8e971ef3da97af089481c3,Umi Wijaya
cd758e8f59dfdf06a852adad277986ca,Vera Adiputra
90415f9b8d0fe2da891b58a2dab18f8d,Vera Adiputra
39e4973ba3321b80f37d9b55f63ed8b8,Vera Hartono
39ea40e164f970c54b0530436d5a9f7a,Vera Mahendra
ce5140df15d046a66883807d18d0264b,Vera Prasetyo
67f7fb873eaf29526a11a9b7ac33bfac,Vera Pratama
2751fae77b24c37382cf6464173d145e,Vera Sanjaya
a8badd37c221a3f19d9ad0ac2196849a,Vera Sasmita
f4be00279ee2e0a53eafdaa94a151e2c,Vera Suharto
dc727151e5d55dde1e950767cf861ca5,Vera Wahyudi
161882dd2d19c716819081aee2c08b98,Vera Wijaya
1be883eec3231f9fe43c35bd1b4b3bb5,Vina Cahyono
7070f9088e456682f0f84f815ebda761,Vina Irawan
8d9a6e908ed2b731fb96151d9bb94d49,Vina Mahendra
f550e0ba9e1c4e8bb4a5ed0ac23a952d,Vina Mahendra
5db60c98209913790e4fcce4597ee37c,Vina Maulana
6aca97005c68f1206823815f66102863,Vina Maulana
e744f91c29ec99f0e662c9177946c627,Vina Suryanto
c2890d44d06bafb6c7b4aa194857ccbc,Vina Sutanto
5c6287be4de9ff5afeaec72d54436fcf,Vino Firmansyah
2e6d9c6052e99fcdfa61d9b9da273ca2,Vino Kusuma
a928731e103dfc64c0027fa84709689e,Vino Permana
98c56bce74669e2e4e7a9fc1caa8c326,Vino Pratama
6f611188ad4a81ffc2edab83b0705d76,Vino Purnomo
fcf1d8d2f36c0cde8eca4b86a8fe1df8,Vino Rachman
79e785d63f00348ff360d5a86528580b,Vino Ramadhan
5d78d182fd5f5510588695863d22ac27,Vino Sanjaya
781397bc0630d47ab531ea850bddcf63,Vino Sinaga
0f840be9b8db4d3fbd5ba2ce59211f55,Wati Budiman
00003e3b9e5336685200ae85d21b4f5e,Wati Hidayat
eab9c5e9815adc4c40a6557495eed6d3,Wati Mahendra
30a237d18c50f563cba4531f1db44acf,Wati Purnomo
85fc37b18c57097425b52fc7afbb6969,Wati Sanjaya
7ec3b3cf674f4f1d23e9d30c89426cce,Wati Simbolon
93d65641ff3f1586614cf2c1ad240b6c,Wati Suharto
c2aee86157b4a40b78132f1e71a9e6f1,Wati Wahyudi
7fe1f8abaad094e0b5cb1b01d712f708,Wati Wibowo
b607aa5b2fd58dd860bfb55619389982,Wati Wibowo
415585bd389b69659223807d77a96791,Wati Wicaksono
160c88652d47d0be60bfbfed25111412,Wati Wijaya
e8d66338fab3727e34a9179ed8804f64,Wawan Harahap
17c276c8e723eb46aef576537e9d56d0,Wawan Kusuma
86b122d4358357d834a87ce618a55de0,Wawan Nugroho
740a02d0786a4239a62076f650cd26da,Wawan Rachman
77ef24b42fcecae4ba74fa68137f3e43,Wawan Ramadhan
34186e9eb70e30487210b962e867b742,Wawan Susanto
3e441eec3456b703a4fe741005f3981f,Wawan Sutanto
3d8e28caf901313a554cebc7d32e67e5,Wawan Sutanto
b7ee6f5f9aa5cd17ca1aea43ce848496,Wulan Gunawan
744878fbdd26871c594f57ca61733e09,Wulan Gunawan
30bb3825e8f631cc6075c0f87bb4978c,Wulan Hidayat
6dbbe6abe5f14af882ff977fc3f35501,Wulan Setiawan
ad5ab36761669d6eadbaee691c4a1d22,Wulan Suharto
cb41f167917ec4b8d870a90c54afef7d,Wulan Susanto
6766aa2750c19aad2fa1b32f36ed4aee,Wulan Susanto
0b105cf1504c4e241fcc6d519ea962fb,Wulan Sutanto
5ca359ab1e9e3b9c478459944a2d9ca5,Wulan Utomo
435d6ab1ba16ba7e05e09d9728bc36ca,Wulan Wibowo
b571ecea16a9824023ee1af16897a582,Yanto Darmawan
6e66329891cbb9adb1966e44379cfadf,Yanto Hakim
86098ef82c97fa789a47a8d2e8800794,Yanto Mahendra
5c8e07660e3000f141dda8b83107ed6e,Yanto Maulana
991327d63593b0ba2c45618bf81f6a64,Yanto Nasution
8da57fac3313174128cc5f13328d4573,Yanto Nugraha
4175a4b46a45813fccf4bd34c779d817,Yanto Prabowo
0de5d1a081a3095d62b416e44e055e7a,Yanto Santoso
56c3b2c6ea3a83aaeeff35eeb45d700d,Yanto Setiawan
04fcc65450efcccdc9869442c3e36310,Yanto Simbolon
d464b5ac99e74462f321c06ccacc4bff,Yanto Sinaga
33ef701c8059391708f1c3ddbe9f1f81,Yanto Tampubolon
9ac403da7947a183884c18a67d3aa8de,Yoga Darmawan
55b37c5c270e5d84c793e486d798c01d,Yoga Firmansyah
502cbcfede9f1df5528af4204f33e0c8,Yoga Harahap
d8c24ca8f23c562a5600876ca2a550ce,Yoga Hartono
5de8a36008b04a6167761fa19b61aa6c,Yoga Hartono
2b346a0aa375a07f5a90a344a61416c4,Yoga Kusuma
25df35de87aa441b88f22a6c2a830a17,Yoga Kusuma
83a100ec3c2c30751156cea2d60aacbe,Yoga Maulana
63154d5661f774fb7d2d11701d466aa2,Yoga Permana
5505712229fb1eb500efadddc0353264,Yoga Pratama
51f3eb940fd73a19119534c063967bff,Yoga Pratama
f2708856060b3b50379aeb13c54a563e,Yoga Ramadhan
943aa0fcda4ee2901a7de9321663b114,Yoga Santoso
dbe272bab69f8e13f14b405e038deb64,Yoga Setiawan
2ca65f58e35d9ad45bf7f3ae5cfd08f1,Yoga Setiawan
c12d1f7cc7c4b41a125b5752d1238b03,Yoga Tampubolon
1fc214004c9481e4c8073e85323bfd4b,Yoga Yulianto
3a4496776767aaa99f9804d0905fe584,Yudi Adiputra
64b3ec1fdfacead70c3a9bd77d824306,Yudi Cahyono
ba2f0015122a5955f8b3a50240fb91b2,Yudi Darmawan
e761813f83dfc86fa1c6e0da5510c3b8,Yudi Irawan
c4015b7f368e6b4871809f49debe0579,Yudi Iskandar
a284df1155ec3e67286080500df36a9a,Yudi Maulana
d2ed45a52bc0edfa11c2064e9edee8bf,Yudi Santoso
fb4c835feb0a65cc39739320d7a51c02,Yudi Saputra
e515df0d202ae52fcebb14295743063b,Yudi Setiawan
42998cf32d552343bc8e460416382dca,Yudi Siregar
491442df5f88c6aa018e86dac21d3606,Yudi Situmorang
587b7b833034299fdd5f4b10e7dc9fca,Yudi Suharto
2122c699d5e3d2fa6690771845bd7904,Yudi Suryanto
a2232b5b6b17429cdff8ddc2f14ea8c9,Yudi Wicaksono
ac9edbbe0533cef12e50fd6fb6cfde52,Zahra Budiman
ac0b236e346da355400a90fcc7e28be6,Zahra Firmansyah
64a7157cf3932bf74755aa3cf586f2ec,Zahra Gunawan
10cd8cca7d33d4526cf4c264654762c6,Zahra Hakim
96bf57c6ff19504ff145e2a32991ea96,Zahra Hartono
2ba596643cbbbc20318224181fa46b28,Zahra Hartono
a9eb812238f753132652ae09963a05e9,Zahra Nugraha
db9ad56c71619aeed9723314d1456037,Zahra Purnomo
a58616464d14208b2677a084f5d7456f,Zahra Rachman
834a3bd235bca0caa53141f2ebc30438,Zahra Santoso
4fc28b7093b135c21c7183ac07e928a6,Zahra Simbolon
3fc0a5dc1f5757c71b88be8adbfd10e9,Zahra Sinaga
d630553e32ae21fb1a6df39c702d2c5c,Zahra Sutanto
b64a70760bb75e3ecfd1ad86d8f10c88,Zahra Sutanto
7261925973c9bf0a74d85ae968a57e5f,Zainal Budiman
88bade49e98db8790df275fcebb37a13,Zainal Cahyono
5637f327937ff2beb7d0a499a0b99d3c,Zainal Darmawan
8f468c873a32bb0619eaeb2050ba45d1,Zainal Kusuma
9adeb82fffb5444e81fa0ce8ad8afe7a,Zainal Purnomo
6d70cb65d15211726dcce4c0e971e21c,Zainal Sasmita
f9fe83f1ea3dd2108188fb7bf8aa5b3c,Zainal Sutanto
c54e7837e0cd0ced286cb5995327d1ab,Zainal Utomo
31839b036f63806cba3f47b93af8ccb5,Zaki Adiputra
d240e3d38a8882ecad8633c8f9c78c9b,Zaki Cahyono
add5aebfcb33a2206b6497d53bc4f309,Zaki Hartono
8cb22bdd0b7ba1ab13d742e22eed8da2,Zaki Maulana
64eec0c3fb6b12c43f51ec9e9c773fed,Zaki Nugraha
b49d4455d64520060ac01fb5a3c757e4,Zaki Saputra
358f9e7be09177c17d0d17ff73584307,Zaki Situmorang
905056c1ac1dad141560467e0a99e1cf,Zaki Utomo
dcc5c249e15c211f21e1da0f3ba66169,Zaki Yulianto
